{"boxer-640": 10.293535709381104, "bunny-1600": 90.82196855545044, "bust-1600": 55.689098596572876, "relief-1280": 37.74765467643738, "vessel-640": 10.842037677764893}