{"boxer-640": 2.7346878051757812, "bunny-1600": 42.87433862686157, "bust-1600": 23.736533641815186, "relief-1280": 10.823035717010498, "vessel-640": 3.4118549823760986}